countrycode,language,isofficial,percentage
AFG,Pashto,true,52.4
NLD,Dutch,true,95.6
ANT,Papiamento,true,86.2
ALB,Albaniana,true,97.9
DZA,Arabic,true,86
ASM,Samoan,true,90.6
AND,Spanish,false,44.6
AGO,Ovimbundu,false,37.2
AIA,English,true,0
ATG,Creole English,false,95.7
ARE,Arabic,true,42
ARG,Spanish,true,96.8
ARM,Armenian,true,93.4
ABW,Papiamento,false,76.7
AUS,English,true,81.2
AZE,Azerbaijani,true,89
BHS,Creole English,false,89.7
BHR,Arabic,true,67.7
BGD,Bengali,true,97.7
BRB,Bajan,false,95.1
BEL,Dutch,true,59.2
BLZ,English,true,50.8
BEN,Fon,false,39.8
BMU,English,true,100
BTN,Dzongkha,true,50
BOL,Spanish,true,87.7
BIH,Serbo-Croatian,true,99.2
BWA,Tswana,false,75.5
BRA,Portuguese,true,97.5
GBR,English,true,97.3
VGB,English,true,0
BRN,Malay,true,45.5
BGR,Bulgariana,true,83.2
BFA,Mossi,false,50.2
BDI,Kirundi,true,98.1
CYM,English,true,0
CHL,Spanish,true,89.7
COK,Maori,true,0
CRI,Spanish,true,97.5
DJI,Somali,false,43.9
DMA,Creole English,false,100
DOM,Spanish,true,98
ECU,Spanish,true,93
EGY,Arabic,true,98.8
SLV,Spanish,true,100
ERI,Tigrinja,true,49.1
ESP,Spanish,true,74.4
ZAF,Zulu,true,22.7
ETH,Oromo,false,31
FLK,English,true,0
FJI,Fijian,true,50.8
PHL,Pilipino,true,29.3
FRO,Faroese,true,100
GAB,Fang,false,35.8
GMB,Malinke,false,34.1
GEO,Georgiana,true,71.7
GHA,Akan,false,52.4
GIB,English,true,88.9
GRD,Creole English,false,100
GRL,Greenlandic,true,87.5
GLP,Creole French,false,95
GUM,English,true,37.5
GTM,Spanish,true,64.7
GIN,Ful,false,38.6
GNB,Crioulo,false,36.4
GUY,Creole English,false,96.4
HTI,Haiti Creole,false,100
HND,Spanish,true,97.2
HKG,Canton Chinese,false,88.7
SJM,Norwegian,true,0
IDN,Javanese,false,39.4
IND,Hindi,true,39.9
IRQ,Arabic,true,77.2
IRN,Persian,true,45.7
IRL,English,true,98.4
ISL,Icelandic,true,95.7
ISR,Hebrew,true,63.1
ITA,Italian,true,94.1
TMP,Sunda,false,0
AUT,German,true,92
JAM,Creole English,false,94.2
JPN,Japanese,true,99.1
YEM,Arabic,true,99.6
JOR,Arabic,true,97.9
CXR,Chinese,false,0
YUG,Serbo-Croatian,true,75.2
KHM,Khmer,true,88.6
CMR,Fang,false,19.7
CAN,English,true,60.4
CPV,Crioulo,false,100
KAZ,Kazakh,true,46
KEN,Kikuyu,false,20.9
CAF,Gbaya,false,23.8
CHN,Chinese,true,92
KGZ,Kirgiz,true,59.7
KIR,Kiribati,true,98.9
COL,Spanish,true,99
COM,Comorian,true,75
COG,Kongo,false,51.5
COD,Luba,false,18
CCK,Malay,false,0
PRK,Korean,true,99.9
KOR,Korean,true,99.9
GRC,Greek,true,98.5
HRV,Serbo-Croatian,true,95.9
CUB,Spanish,true,100
KWT,Arabic,true,78.1
CYP,Greek,true,74.1
LAO,Lao,true,67.2
LVA,Latvian,true,55.1
LSO,Sotho,true,85
LBN,Arabic,true,93
LBR,Kpelle,false,19.5
LBY,Arabic,true,96
LIE,German,true,89
LTU,Lithuanian,true,81.6
LUX,Luxembourgish,true,64.4
ESH,Arabic,true,100
MAC,Canton Chinese,false,85.6
MDG,Malagasy,true,98.9
MKD,Macedonian,true,66.5
MWI,Chichewa,true,58.3
MDV,Dhivehi,true,100
MYS,Malay,true,58.4
MLI,Bambara,false,31.8
MLT,Maltese,true,95.8
MAR,Arabic,true,65
MHL,Marshallese,true,96.8
MTQ,Creole French,false,96.6
MRT,Hassaniya,false,81.7
MUS,Creole French,false,70.6
MYT,Mahoré,false,41.9
MEX,Spanish,true,92.1
FSM,Trukese,false,41.6
MDA,Romanian,true,61.9
MCO,French,true,41.9
MNG,Mongolian,true,78.8
MSR,English,true,0
MOZ,Makua,false,27.8
MMR,Burmese,true,69
NAM,Ovambo,false,50.7
NRU,Nauru,true,57.5
NPL,Nepali,true,50.4
NIC,Spanish,true,97.6
NER,Hausa,false,53.1
NGA,Joruba,false,21.4
NIU,Niue,false,0
NFK,English,true,0
NOR,Norwegian,true,96.6
CIV,Akan,false,30
OMN,Arabic,true,76.7
PAK,Punjabi,false,48.2
PLW,Palau,true,82.2
PAN,Spanish,true,76.8
PNG,Papuan Languages,false,78.1
PRY,Spanish,true,55.1
PER,Spanish,true,79.8
PCN,Pitcairnese,false,0
MNP,Philippene Languages,false,34.1
PRT,Portuguese,true,99
PRI,Spanish,true,51.3
POL,Polish,true,97.6
GNQ,Fang,false,84.8
QAT,Arabic,true,40.7
FRA,French,true,93.6
GUF,Creole French,false,94.3
PYF,Tahitian,false,46.4
REU,Creole French,false,91.5
ROM,Romanian,true,90.7
RWA,Rwanda,true,100
SWE,Swedish,true,89.5
SHN,English,true,0
KNA,Creole English,false,100
LCA,Creole French,false,80
VCT,Creole English,false,99.1
SPM,French,true,0
DEU,German,true,91.3
SLB,Malenasian Languages,false,85.6
ZMB,Bemba,false,29.7
WSM,Samoan-English,false,52
SMR,Italian,true,100
STP,Crioulo,false,86.3
SAU,Arabic,true,95
SEN,Wolof,true,48.1
SYC,Seselwa,false,91.3
SLE,Mende,false,34.8
SGP,Chinese,true,77.1
SVK,Slovak,true,85.6
SVN,Slovene,true,87.9
SOM,Somali,true,98.3
LKA,Singali,true,60.3
SDN,Arabic,true,49.4
FIN,Finnish,true,92.7
SUR,Sranantonga,false,81
SWZ,Swazi,true,89.9
CHE,German,true,63.6
SYR,Arabic,true,90
TJK,Tadzhik,true,62.2
TWN,Min,false,66.7
TZA,Nyamwesi,false,21.1
DNK,Danish,true,93.5
THA,Thai,true,52.6
TGO,Ewe,true,23.2
TKL,Tokelau,false,0
TON,Tongan,true,98.3
TTO,English,false,93.5
TCD,Sara,false,27.7
CZE,Czech,true,81.2
TUN,Arabic,true,69.9
TUR,Turkish,true,87.6
TKM,Turkmenian,true,76.7
TCA,English,true,0
TUV,Tuvalu,true,92.5
UGA,Ganda,false,18.1
UKR,Ukrainian,true,64.7
HUN,Hungarian,true,98.5
URY,Spanish,true,95.7
NCL,Malenasian Languages,false,45.4
NZL,English,true,87
UZB,Uzbek,true,72.6
BLR,Belorussian,true,65.6
WLF,Wallis,false,0
VUT,Bislama,true,56.6
VAT,Italian,true,0
VEN,Spanish,true,96.9
RUS,Russian,true,86.6
VNM,Vietnamese,true,86.8
EST,Estonian,true,65.3
USA,English,true,86.2
VIR,English,true,81.7
UMI,English,true,0
ZWE,Shona,false,72.1
PSE,Arabic,false,95.9
AFG,Dari,true,32.1
NLD,Fries,false,3.7
ANT,English,false,7.8
ALB,Greek,false,1.8
DZA,Berberi,false,14
ASM,English,true,3.1
AND,Catalan,true,32.3
AGO,Mbundu,false,21.6
ATG,English,true,0
ARE,Hindi,false,0
ARG,Italian,false,1.7
ARM,Azerbaijani,false,2.6
ABW,English,false,9.5
AUS,Italian,false,2.2
AZE,Russian,false,3
BHS,Creole French,false,10.3
BHR,English,false,0
BGD,Chakma,false,0.4
BRB,English,true,0
BEL,French,true,32.6
BLZ,Spanish,false,31.6
BEN,Joruba,false,12.2
BTN,Nepali,false,34.8
BOL,Ketua,true,8.1
BWA,Shona,false,12.3
BRA,German,false,0.5
GBR,Kymri,false,0.9
BRN,Malay-English,false,28.8
BGR,Turkish,false,9.4
BFA,Ful,false,9.7
BDI,French,true,0
CHL,Araucan,false,9.6
COK,English,false,0
CRI,Creole English,false,2
DJI,Afar,false,34.8
DMA,Creole French,false,0
DOM,Creole French,false,2
ECU,Ketua,false,7
EGY,Sinaberberi,false,0
SLV,Nahua,false,0
ERI,Tigre,false,31.7
ESP,Catalan,false,16.9
ZAF,Xhosa,true,17.7
ETH,Amhara,false,30
FJI,Hindi,false,43.7
PHL,Cebuano,false,23.3
FRO,Danish,true,0
GAB,Punu-sira-nzebi,false,17.1
GMB,Ful,false,16.2
GEO,Russian,false,8.8
GHA,Mossi,false,15.8
GIB,Arabic,false,7.4
GRL,Danish,true,12.5
GLP,French,true,0
GUM,Chamorro,true,29.6
GTM,Quiché,false,10.1
GIN,Malinke,false,23.2
GNB,Ful,false,16.6
GUY,Caribbean,false,2.2
HTI,French,true,0
HND,Garifuna,false,1.3
HKG,English,true,2.2
SJM,Russian,false,0
IDN,Sunda,false,15.8
IND,Bengali,false,8.2
IRQ,Kurdish,false,19
IRN,Azerbaijani,false,16.8
IRL,Irish,true,1.6
ISL,English,false,0
ISR,Arabic,true,18
ITA,Sardinian,false,2.7
TMP,Portuguese,true,0
AUT,Serbo-Croatian,false,2.2
JAM,Hindi,false,1.9
JPN,Korean,false,0.5
YEM,Soqutri,false,0
JOR,Circassian,false,1
CXR,English,true,0
YUG,Albaniana,false,16.5
KHM,Vietnamese,false,5.5
CMR,Bamileke-bamum,false,18.6
CAN,French,true,23.4
CPV,Portuguese,true,0
KAZ,Russian,false,34.7
KEN,Luhya,false,13.8
CAF,Banda,false,23.5
CHN,Zhuang,false,1.4
KGZ,Russian,true,16.2
KIR,Tuvalu,false,0.5
COL,Chibcha,false,0.4
COM,Comorian-French,false,12.9
COG,Teke,false,17.3
COD,Kongo,false,16
CCK,English,true,0
PRK,Chinese,false,0.1
KOR,Chinese,false,0.1
GRC,Turkish,false,0.9
HRV,Slovene,false,0
KWT,English,false,0
CYP,Turkish,true,22.4
LAO,Mon-khmer,false,16.5
LVA,Russian,false,32.5
LSO,Zulu,false,15
LBN,Armenian,false,5.9
LBR,Bassa,false,13.7
LBY,Berberi,false,1
LIE,Italian,false,2.5
LTU,Russian,false,8.1
LUX,Portuguese,false,13
MAC,Portuguese,true,2.3
MDG,French,true,0
MKD,Albaniana,false,22.9
MWI,Lomwe,false,18.4
MDV,English,false,0
MYS,Chinese,false,9
MLI,Ful,false,13.9
MLT,English,true,2.1
MAR,Berberi,false,33
MHL,English,true,0
MTQ,French,true,0
MRT,Wolof,false,6.6
MUS,Bhojpuri,false,21.1
MYT,French,true,20.3
MEX,Náhuatl,false,1.8
FSM,Pohnpei,false,23.8
MDA,Russian,false,23.2
MCO,Monegasque,false,16.1
MNG,Kazakh,false,5.9
MOZ,Tsonga,false,12.4
MMR,Shan,false,8.5
NAM,Nama,false,12.4
NRU,Kiribati,false,17.9
NPL,Maithili,false,11.9
NIC,Miskito,false,1.6
NER,Songhai-zerma,false,21.2
NGA,Hausa,false,21.1
NIU,English,true,0
NOR,English,false,0.5
CIV,Gur,false,11.7
OMN,Balochi,false,0
PAK,Pashto,false,13.1
PLW,Philippene Languages,false,9.2
PAN,Creole English,false,14
PNG,Malenasian Languages,false,20
PRY,Guaraní,true,40.1
PER,Ketua,true,16.4
MNP,Chamorro,false,30
PRI,English,false,47.4
POL,German,false,1.3
GNQ,Bubi,false,8.7
QAT,Urdu,false,0
FRA,Arabic,false,2.5
GUF,Indian Languages,false,1.9
PYF,French,true,40.8
REU,Chinese,false,2.8
ROM,Hungarian,false,7.2
RWA,French,true,0
SWE,Finnish,false,2.4
KNA,English,true,0
LCA,English,true,20
VCT,English,true,0
DEU,Turkish,false,2.6
SLB,Papuan Languages,false,8.6
ZMB,Tongan,false,11
WSM,Samoan,true,47.5
STP,French,false,0.7
SEN,Ful,false,21.7
SYC,English,true,3.8
SLE,Temne,false,31.8
SGP,Malay,true,14.1
SVK,Hungarian,false,10.5
SVN,Serbo-Croatian,false,7.9
SOM,Arabic,true,0
LKA,Tamil,true,19.6
SDN,Dinka,false,11.5
FIN,Swedish,true,5.7
SUR,Hindi,false,0
SWZ,Zulu,false,2
CHE,French,true,19.2
SYR,Kurdish,false,9
TJK,Uzbek,false,23.2
TWN,Mandarin Chinese,true,20.1
TZA,Swahili,true,8.8
DNK,Turkish,false,0.8
THA,Lao,false,26.9
TGO,Kabyé,true,13.8
TKL,English,true,0
TON,English,true,0
TTO,Hindi,false,3.4
TCD,Arabic,true,12.3
CZE,Moravian,false,12.9
TUN,Arabic-French,false,26.3
TUR,Kurdish,false,10.6
TKM,Uzbek,false,9.2
TUV,Kiribati,false,7.5
UGA,Nkole,false,10.7
UKR,Russian,false,32.9
HUN,Romani,false,0.5
NCL,French,true,34.3
NZL,Maori,false,4.3
UZB,Russian,false,10.9
BLR,Russian,true,32
WLF,Futuna,false,0
VUT,English,true,28.3
VEN,Goajiro,false,0.4
RUS,Tatar,false,3.2
VNM,Tho,false,1.8
EST,Russian,false,27.8
USA,Spanish,false,7.5
VIR,Spanish,false,13.3
ZWE,Ndebele,false,16.2
PSE,Hebrew,false,4.1
AFG,Uzbek,false,8.8
NLD,Arabic,false,0.9
ANT,Dutch,true,0
ALB,Macedonian,false,0.1
ASM,Tongan,false,3.1
AND,Portuguese,false,10.8
AGO,Kongo,false,13.2
ARG,Indian Languages,false,0.3
ABW,Spanish,false,7.4
AUS,Greek,false,1.6
AZE,Lezgian,false,2.3
BGD,Marma,false,0.2
BEL,Italian,false,2.4
BLZ,Maya Languages,false,9.6
BEN,Adja,false,11.1
BTN,Asami,false,15.2
BOL,Aimará,true,3.2
BWA,San,false,3.5
BRA,Italian,false,0.4
GBR,Gaeli,false,0.1
BRN,Chinese,false,9.3
BGR,Romani,false,3.7
BFA,Gurma,false,5.7
BDI,Swahili,false,0
CHL,Aimará,false,0.5
CRI,Chibcha,false,0.3
DJI,Arabic,true,10.6
ERI,Afar,false,4.3
ESP,Galecian,false,6.4
ZAF,Afrikaans,true,14.3
ETH,Tigrinja,false,7.2
PHL,Ilocano,false,9.3
GAB,Mpongwe,false,14.6
GMB,Wolof,false,12.6
GEO,Armenian,false,6.8
GHA,Ewe,false,11.9
GUM,Philippene Languages,false,19.7
GTM,Cakchiquel,false,8.9
GIN,Susu,false,11
GNB,Balante,false,14.6
GUY,Arawakan,false,1.4
HND,Creole English,false,0.2
HKG,Fukien,false,1.9
IDN,Malay,true,12.1
IND,Telugu,false,7.8
IRQ,Azerbaijani,false,1.7
IRN,Kurdish,false,9.1
ISR,Russian,false,8.9
ITA,Friuli,false,1.2
AUT,Turkish,false,1.5
JPN,Chinese,false,0.2
JOR,Armenian,false,1
YUG,Hungarian,false,3.4
KHM,Chinese,false,3.1
CMR,Duala,false,10.9
CAN,Chinese,false,2.5
KAZ,Ukrainian,false,5
KEN,Luo,false,12.8
CAF,Mandjia,false,14.8
CHN,Mantu,false,0.9
KGZ,Uzbek,false,14.1
COL,Creole English,false,0.1
COM,Comorian-madagassi,false,5.5
COG,Mboshi,false,11.4
COD,Mongo,false,13.5
LAO,Thai,false,7.8
LVA,Belorussian,false,4.1
LSO,English,true,0
LBN,French,false,0
LBR,Grebo,false,8.9
LIE,Turkish,false,2.5
LTU,Polish,false,7
LUX,Italian,false,4.6
MAC,Mandarin Chinese,false,1.2
MKD,Turkish,false,4
MWI,Yao,false,13.2
MYS,Tamil,false,3.9
MLI,Senufo and Minianka,false,12
MRT,Tukulor,false,5.4
MUS,French,false,3.4
MYT,Malagasy,false,16.1
MEX,Yucatec,false,1.1
FSM,Mortlock,false,7.6
MDA,Ukrainian,false,8.6
MCO,Italian,false,16.1
MNG,Dorbet,false,2.7
MOZ,Sena,false,9.4
MMR,Karen,false,6.2
NAM,Kavango,false,9.7
NRU,Chinese,false,8.5
NPL,Bhojpuri,false,7.5
NIC,Creole English,false,0.5
NER,Tamashek,false,10.4
NGA,Ibo,false,18.1
NOR,Danish,false,0.4
CIV,Malinke,false,11.4
PAK,Sindhi,false,11.8
PLW,English,true,3.2
PAN,Guaymí,false,5.3
PRY,Portuguese,false,3.2
PER,Aimará,true,2.3
MNP,Chinese,false,7.1
POL,Ukrainian,false,0.6
FRA,Portuguese,false,1.2
PYF,Chinese,false,2.9
REU,Comorian,false,2.8
ROM,Romani,true,0.7
SWE,Southern Slavic Languages,false,1.3
DEU,Southern Slavic Languages,false,1.4
SLB,Polynesian Languages,false,3.8
ZMB,Nyanja,false,7.8
WSM,English,true,0.6
SEN,Serer,false,12.5
SYC,French,true,1.3
SLE,Limba,false,8.3
SGP,Tamil,true,7.4
SVK,Romani,false,1.7
SVN,Hungarian,false,0.5
LKA,Mixed Languages,false,19.6
SDN,Nubian Languages,false,8.1
FIN,Russian,false,0.4
CHE,Italian,true,7.7
TJK,Russian,false,9.7
TWN,Hakka,false,11
TZA,Hehet,false,6.9
DNK,Arabic,false,0.7
THA,Chinese,false,12.1
TGO,Watyi,false,10.3
TTO,Creole English,false,2.9
TCD,Mayo-kebbi,false,11.5
CZE,Slovak,false,3.1
TUN,Arabic-French-English,false,3.2
TUR,Arabic,false,1.4
TKM,Russian,false,6.7
TUV,English,true,0
UGA,Kiga,false,8.3
UKR,Romanian,false,0.7
HUN,German,false,0.4
NCL,Polynesian Languages,false,11.6
UZB,Tadzhik,false,4.4
BLR,Ukrainian,false,1.3
VUT,French,true,14.2
VEN,Warrau,false,0.1
RUS,Ukrainian,false,1.3
VNM,Thai,false,1.6
EST,Ukrainian,false,2.8
USA,French,false,0.7
VIR,French,false,2.5
ZWE,English,true,2.2
AFG,Turkmenian,false,1.9
NLD,Turkish,false,0.8
AND,French,false,6.2
AGO,Luimbe-nganguela,false,5.4
ABW,Dutch,true,5.3
AUS,Canton Chinese,false,1.1
AZE,Armenian,false,2
BGD,Garo,false,0.1
BEL,Arabic,false,1.6
BLZ,Garifuna,false,6.8
BEN,Aizo,false,8.7
BOL,Guaraní,false,0.1
BWA,Khoekhoe,false,2.5
BRA,Japanese,false,0.4
BRN,English,false,3.1
BGR,Macedonian,false,2.6
BFA,Busansi,false,3.5
CHL,Rapa nui,false,0.2
CRI,Chinese,false,0.2
ERI,Hadareb,false,3.8
ESP,Basque,false,1.6
ZAF,Northsotho,false,9.1
ETH,Gurage,false,4.7
PHL,Hiligaynon,false,9.1
GAB,Mbete,false,13.8
GMB,Diola,false,9.2
GEO,Azerbaijani,false,5.5
GHA,Ga-adangme,false,7.8
GUM,Korean,false,3.3
GTM,Kekchí,false,4.9
GIN,Kissi,false,6
GNB,Portuguese,true,8.1
HND,Miskito,false,0.2
HKG,Hakka,false,1.6
IDN,Madura,false,4.3
IND,Marathi,false,7.4
IRQ,Assyrian,false,0.8
IRN,Gilaki,false,5.3
ITA,French,false,0.5
AUT,Hungarian,false,0.4
JPN,English,false,0.1
YUG,Romani,false,1.4
KHM,Tam,false,2.4
CMR,Ful,false,9.6
CAN,Italian,false,1.7
KAZ,German,false,3.1
KEN,Kamba,false,11.2
CAF,Ngbaka,false,7.5
CHN,Hui,false,0.8
KGZ,Ukrainian,false,1.7
COL,Arawakan,false,0.1
COM,Comorian-Arabic,false,1.6
COG,Mbete,false,4.8
COD,Rwanda,false,10.3
LAO,Lao-Soung,false,5.2
LVA,Ukrainian,false,2.9
LBR,Gio,false,7.9
LTU,Belorussian,false,1.4
LUX,French,true,4.2
MAC,English,false,0.5
MKD,Romani,false,2.3
MWI,Ngoni,false,6.7
MYS,Iban,false,2.8
MLI,Soninke,false,8.7
MRT,Soninke,false,2.7
MUS,Hindi,false,1.2
MEX,Zapotec,false,0.6
FSM,Kosrean,false,7.3
MDA,Gagauzi,false,3.2
MCO,English,false,6.5
MNG,Bajad,false,1.9
MOZ,Lomwe,false,7.8
MMR,Rakhine,false,4.5
NAM,Afrikaans,false,9.5
NRU,Tuvalu,false,8.5
NPL,Tharu,false,5.4
NIC,Sumo,false,0.2
NER,Ful,false,9.7
NGA,Ful,false,11.3
NOR,Swedish,false,0.3
CIV,Kru,false,10.5
PAK,Saraiki,false,9.8
PLW,Chinese,false,1.6
PAN,Cuna,false,2
PRY,German,false,0.9
MNP,Korean,false,6.5
POL,Belorussian,false,0.5
FRA,Italian,false,0.4
REU,Malagasy,false,1.4
ROM,German,false,0.4
SWE,Arabic,false,0.8
DEU,Italian,false,0.7
ZMB,Lozi,false,6.4
SEN,Diola,false,5
SLE,Kono-vai,false,5.1
SVK,Czech and Moravian,false,1.1
SDN,Beja,false,6.4
FIN,Estonian,false,0.2
CHE,Romansh,true,0.6
TWN,Ami,false,0.6
TZA,Haya,false,5.9
DNK,German,false,0.5
THA,Malay,false,3.6
TGO,Kotokoli,false,5.7
TCD,Kanem-bornu,false,9
CZE,Polish,false,0.6
TKM,Kazakh,false,2
UGA,Soga,false,8.2
UKR,Bulgariana,false,0.3
HUN,Serbo-Croatian,false,0.2
UZB,Kazakh,false,3.8
BLR,Polish,false,0.6
RUS,Chuvash,false,0.9
VNM,Muong,false,1.5
EST,Belorussian,false,1.4
USA,German,false,0.7
ZWE,Nyanja,false,2.2
AFG,Balochi,false,0.9
AGO,Nyaneka-nkhumbi,false,5.4
AUS,Arabic,false,1
BGD,Khasi,false,0.1
BEL,German,true,1
BEN,Bariba,false,8.7
BWA,Ndebele,false,1.3
BRA,Indian Languages,false,0.2
BFA,Dagara,false,3.1
ERI,Bilin,false,3
ZAF,English,true,8.5
ETH,Somali,false,4.1
PHL,Bicol,false,5.7
GMB,Soninke,false,7.6
GEO,Osseetti,false,2.4
GHA,Gurma,false,3.3
GUM,Japanese,false,2
GTM,Mam,false,2.7
GIN,Kpelle,false,4.6
GNB,Malinke,false,6.9
HKG,Chiu chau,false,1.4
IDN,Minangkabau,false,2.4
IND,Tamil,false,6.3
IRQ,Persian,false,0.8
IRN,Luri,false,4.3
ITA,German,false,0.5
AUT,Slovene,false,0.4
JPN,Philippene Languages,false,0.1
YUG,Slovak,false,0.7
CMR,Tikar,false,7.4
CAN,German,false,1.6
KAZ,Uzbek,false,2.3
KEN,Kalenjin,false,10.8
CAF,Sara,false,6.4
CHN,Miao,false,0.7
KGZ,Tatar,false,1.3
COL,Caribbean,false,0.1
COM,Comorian-Swahili,false,0.5
COG,Punu,false,2.9
COD,Zande,false,6.1
LVA,Polish,false,2.1
LBR,Kru,false,7.2
LTU,Ukrainian,false,1.1
LUX,German,true,2.3
MKD,Serbo-Croatian,false,2
MYS,English,false,1.6
MLI,Tamashek,false,7.3
MRT,Ful,false,1.2
MUS,Tamil,false,0.8
MEX,Mixtec,false,0.6
FSM,Yap,false,5.8
MDA,Bulgariana,false,1.6
MNG,Buryat,false,1.7
MOZ,Shona,false,6.5
MMR,Mon,false,2.4
NAM,Herero,false,8
NRU,English,true,7.5
NPL,Tamang,false,4.9
NER,Kanuri,false,4.4
NGA,Ibibio,false,5.6
NOR,Saame,false,0
CIV,[South]Mande,false,7.7
PAK,Urdu,true,7.6
PAN,Embera,false,0.6
MNP,English,true,4.8
FRA,Spanish,false,0.4
REU,Tamil,false,0
ROM,Ukrainian,false,0.3
SWE,Spanish,false,0.6
DEU,Greek,false,0.4
ZMB,Chewa,false,5.7
SEN,Malinke,false,3.8
SLE,Bullom-sherbro,false,3.8
SVK,Ukrainian and Russian,false,0.6
SDN,Nuer,false,4.9
FIN,Saame,false,0
TWN,Atayal,false,0.4
TZA,Makonde,false,5.9
DNK,English,false,0.3
THA,Khmer,false,1.3
TGO,Ane,false,5.7
TCD,Ouaddai,false,8.7
CZE,German,false,0.5
UGA,Teso,false,6
UKR,Hungarian,false,0.3
HUN,Romanian,false,0.1
UZB,Karakalpak,false,2
RUS,Bashkir,false,0.7
VNM,Chinese,false,1.4
EST,Finnish,false,0.7
USA,Italian,false,0.6
AGO,Chokwe,false,4.2
AUS,Vietnamese,false,0.8
BGD,Santhali,false,0.1
BEL,Turkish,false,0.9
BEN,Somba,false,6.7
BFA,Dyula,false,2.6
ERI,Saho,false,3
ZAF,Tswana,false,8.1
ETH,Sidamo,false,3.2
PHL,Waray-waray,false,3.8
GEO,Abhyasi,false,1.7
GHA,Joruba,false,1.3
GIN,Yalunka,false,2.9
GNB,Mandyako,false,4.9
IDN,Batakki,false,2.2
IND,Urdu,false,5.1
IRN,Mazandarani,false,3.6
ITA,Albaniana,false,0.2
AUT,Polish,false,0.2
JPN,Ainu,false,0
YUG,Macedonian,false,0.5
CMR,Mandara,false,5.7
CAN,Polish,false,0.7
KAZ,Tatar,false,2
KEN,Gusii,false,6.1
CAF,Mbum,false,6.4
CHN,Uighur,false,0.6
KGZ,Kazakh,false,0.8
COG,Sango,false,2.6
COD,Ngala and Bangi,false,5.8
LVA,Lithuanian,false,1.2
LBR,Mano,false,7.2
MYS,Dusun,false,1.1
MLI,Songhai,false,6.9
MRT,Zenaga,false,1.2
MUS,Marathi,false,0.7
MEX,Otomí,false,0.4
FSM,Wolea,false,3.7
MNG,Dariganga,false,1.4
MOZ,Tswa,false,6
MMR,Chin,false,2.2
NAM,Caprivi,false,4.7
NPL,Newari,false,3.7
NGA,Kanuri,false,4.1
PAK,Balochi,false,3
PAN,Arabic,false,0.6
MNP,Carolinian,false,4.8
FRA,Turkish,false,0.4
ROM,Serbo-Croatian,false,0.1
SWE,Norwegian,false,0.5
DEU,Polish,false,0.3
ZMB,Nsenga,false,4.3
SEN,Soninke,false,1.3
SLE,Ful,false,3.8
SDN,Zande,false,2.7
TWN,Paiwan,false,0.3
TZA,Nyakusa,false,5.4
DNK,Swedish,false,0.3
THA,Kuy,false,1.1
TGO,Moba,false,5.4
TCD,Hadjarai,false,6.7
CZE,Silesiana,false,0.4
UGA,Lango,false,5.9
UKR,Belorussian,false,0.3
HUN,Slovak,false,0.1
UZB,Tatar,false,1.8
RUS,Chechen,false,0.6
VNM,Khmer,false,1.4
USA,Chinese,false,0.6
AGO,Luvale,false,3.6
AUS,Serbo-Croatian,false,0.6
BGD,Tripuri,false,0.1
BEN,Ful,false,5.6
ZAF,Southsotho,false,7.6
ETH,Walaita,false,2.8
PHL,Pampango,false,3
GIN,Loma,false,2.3
IDN,Bugi,false,2.2
IND,Gujarati,false,4.8
IRN,Balochi,false,2.3
ITA,Slovene,false,0.2
AUT,Czech,false,0.2
CMR,Maka,false,4.9
CAN,Spanish,false,0.7
KEN,Meru,false,5.5
CHN,Yi,false,0.6
KGZ,Tadzhik,false,0.8
COD,Rundi,false,3.8
LBR,Loma,false,5.8
MOZ,Chuabo,false,5.7
MMR,Kachin,false,1.4
NAM,San,false,1.9
NPL,Hindi,false,3
NGA,Edo,false,3.3
PAK,Hindko,false,2.4
SLE,Kuranko,false,3.4
SDN,Bari,false,2.5
TZA,Chaga and Pare,false,4.9
DNK,Norwegian,false,0.3
TGO,Naudemba,false,4.1
TCD,Tandjile,false,6.5
CZE,Romani,false,0.3
UGA,Lugbara,false,4.7
UKR,Polish,false,0.1
RUS,Mordva,false,0.5
VNM,Nung,false,1.1
USA,Tagalog,false,0.4
AGO,Ambo,false,2.4
AUS,German,false,0.6
ZAF,Tsonga,false,4.3
PHL,Pangasinan,false,1.8
IDN,Banja,false,1.8
IND,Kannada,false,3.9
IRN,Arabic,false,2.2
ITA,Romani,false,0.2
AUT,Romanian,false,0.2
CMR,Masana,false,3.9
CAN,Portuguese,false,0.7
KEN,Nyika,false,4.8
CHN,Tujia,false,0.5
COD,Teke,false,2.7
LBR,Malinke,false,5.1
MOZ,Ronga,false,3.7
MMR,Kayah,false,0.4
NAM,German,false,0.9
NGA,Tiv,false,2.3
PAK,Brahui,false,1.2
SLE,Yalunka,false,3.4
SDN,Fur,false,2.1
TZA,Luguru,false,4.9
TGO,Gurma,false,3.4
TCD,Gorane,false,6.2
CZE,Hungarian,false,0.2
UGA,Gisu,false,4.5
RUS,Kazakh,false,0.4
VNM,Miao,false,0.9
USA,Polish,false,0.3
AGO,Luchazi,false,2.4
ZAF,Swazi,false,2.5
PHL,Maguindanao,false,1.4
IDN,Bali,false,1.7
IND,Malajalam,false,3.6
IRN,Bakhtyari,false,1.7
CAN,Punjabi,false,0.7
KEN,Masai,false,1.6
CHN,Mongolian,false,0.4
COD,Boa,false,2.3
MOZ,Marendje,false,3.5
NGA,Ijo,false,1.8
SDN,Chilluk,false,1.7
TZA,Shambala,false,4.3
UGA,Acholi,false,4.4
RUS,Avarian,false,0.4
VNM,Man,false,0.7
USA,Korean,false,0.3
ZAF,Venda,false,2.2
PHL,Maranao,false,1.3
IND,Orija,false,3.3
IRN,Turkmenian,false,1.6
CAN,Ukrainian,false,0.6
KEN,Turkana,false,1.4
CHN,Tibetan,false,0.4
COD,Chokwe,false,1.8
MOZ,Nyanja,false,3.3
NGA,Bura,false,1.6
SDN,Lotuko,false,1.5
TZA,Gogo,false,3.9
UGA,Rwanda,false,3.2
RUS,Mari,false,0.4
USA,Vietnamese,false,0.2
ZAF,Ndebele,false,1.5
IND,Punjabi,false,2.8
CAN,Dutch,false,0.5
CHN,Puyi,false,0.2
TZA,Ha,false,3.5
RUS,Udmur,false,0.3
USA,Japanese,false,0.2
IND,Asami,false,1.5
CAN,Eskimo Languages,false,0.1
CHN,Dong,false,0.2
RUS,Belorussian,false,0.3
USA,Portuguese,false,0.2
